OBJECTID,AIRPORTID,FACILITY,MAPLABEL,CITY,COUNTY,FNCTNLCLSS,STATECLASS,FAASRVCLVL,FAASITENO,DISTRICT,F5010URL,SHAPE_Length,SHAPE_Area
1,SCK,STOCKTON METROPOLITAN AIRPORT,STOCKTON METROPOLITAN,Stockton,San Joaquin,Commercial/Primary,PRIMARY-NON HUB-METROPOLITAN-Business/Corporate,Commercial Service Primar,02314.*A,10,http://www.gcr1.com/5010web/airport.cfm?Site=SCK,15098.5899926053,10276226.1507864
2,UDD,BERMUDA DUNES EXECUTIVE AIRPORT,BERMUDA DUNES,Palm Springs,Riverside,Regional,REGIONAL,Not a NPIAS Facility,02017.1*A,8,http://www.gcr1.com/5010web/airport.cfm?Site=UDD,5370.36847285051,507751.671589519
3,0O2,BAKER AIRPORT,BAKER,Baker,San Bernardino,Limited Use,LIMITED USE,Not a NPIAS Facility,01286.1*A,8,http://www.gcr1.com/5010web/airport.cfm?Site=0O2,5827.27629868211,1458117.84561908
4,0O4,CORNING MUNICIPAL AIRPORT,CORNING MUNI,Corning,Tehama,Community,COMMUNITY,General Aviation,01443.*A,2,http://www.gcr1.com/5010web/airport.cfm?Site=0O4,5255.33523641519,620437.791924975
5,TRM,JACQUELINE COCHRAN REGIONAL AIRPORT,JACQUELINE COCHRAN REGIONAL,Thermal,Riverside,Regional,REGIONAL-Business/Corporate,General Aviation,02017.2*A,8,http://www.gcr1.com/5010web/airport.cfm?Site=TRM,15357.1640848049,10829313.7910997
6,1C9,FRAZIER LAKE AIRPARK,FRAZIER LAKE AIRPARK,Hollister,San Benito,Community,COMMUNITY,Not a NPIAS Facility,01668.11*A,5,http://www.gcr1.com/5010web/airport.cfm?Site=1C9,4963.59013971818,984661.657532867
7,TVL,LAKE TAHOE AIRPORT,LAKE TAHOE,South Lake Tahoe,El Dorado,Regional,REGIONAL-Business/Corporate,General Aviation,02303.7*A,3,http://www.gcr1.com/5010web/airport.cfm?Site=TVL,9648.87318056386,2325065.72059699
8,1O2,LAMPSON FIELD AIRPORT,LAMPSON FIELD,Lakeport,Lake,Regional,REGIONAL,General Aviation,01743.*A,1,http://www.gcr1.com/5010web/airport.cfm?Site=1O2,4774.12632027506,514331.389870527
9,1O3,LODI AIRPORT,LODI,Lodi,San Joaquin,Limited Use,LIMITED USE-Agriculture,Not a NPIAS Facility,01782.*A,10,http://www.gcr1.com/5010web/airport.cfm?Site=1O3,4925.71451835713,1039408.14702058
10,1O5,"MONTAGUE-YREKA, ROHRER FIELD",MONTAGUE-YREKA,Montague,Siskiyou,Community,COMMUNITY,Not a NPIAS Facility,01905.*A,2,http://www.gcr1.com/5010web/airport.cfm?Site=1O5,5221.17396740875,827089.12547719
11,VCB,NUT TREE AIRPORT,NUT TREE,Vacaville,Solano,Regional,REGIONAL-Business/Corporate,General Aviation,02389.1*A,4,http://www.gcr1.com/5010web/airport.cfm?Site=VCB,7330.49359346951,1730494.6818225
12,0Q4,SELMA AIRPORT,SELMA,Selma,Fresno,Community,COMMUNITY-Recreation,Not a NPIAS Facility,02287.2*A,6,http://www.gcr1.com/5010web/airport.cfm?Site=0Q4,3162.19406846439,147473.069590793
13,0Q5,SHELTER COVE AIRPORT,SHELTER COVE,Shelter Cove,Humboldt,Community,COMMUNITY,General Aviation,02294.4*A,1,http://www.gcr1.com/5010web/airport.cfm?Site=0Q5,3743.27330677716,374991.783955928
14,0Q9,SONOMA SKYPARK AIRPORT,SONOMA SKYPARK,Sonoma,Sonoma,Community,COMMUNITY,Not a NPIAS Facility,02299.8*A,4,http://www.gcr1.com/5010web/airport.cfm?Site=0Q9,2979.3082248827,232605.490901902
15,0Q3,SONOMA VALLEY AIRPORT,SONOMA VALLEY,Schellville/Sonoma,Sonoma,Community,COMMUNITY,Not a NPIAS Facility,02281.6*A,4,http://www.gcr1.com/5010web/airport.cfm?Site=0Q3,6851.76256211485,550531.253929928
16,TSP,TEHACHAPI MUNICIPAL AIRPORT,TEHACHAPI MUNI,Tehachapi,Kern,Regional,REGIONAL-Business/Corporate,General Aviation,02341.*A,6,http://www.gcr1.com/5010web/airport.cfm?Site=TSP,5549.91282311607,1383527.66526936
17,TRK,TRUCKEE-TAHOE AIRPORT,TRUCKEE - TAHOE,Truckee,Nevada,Regional,REGIONAL-Business/Corporate,General Aviation,02366.*A,3,http://www.gcr1.com/5010web/airport.cfm?Site=TRK,12403.3644162842,2854651.27343819
18,TNP,TWENTYNINE PALMS AIRPORT,TWENTYNINE PALMS,Twentynine Palms,San Bernardino,Regional,REGIONAL,General Aviation,02379.2*A,8,http://www.gcr1.com/5010web/airport.cfm?Site=TNP,10028.566293301,2002380.54089875
19,UKI,UKIAH MUNICIPAL AIRPORT,UKIAH MUNI,Ukiah,Mendocino,Regional,REGIONAL-Business/Corporate,General Aviation,02383.*A,1,http://www.gcr1.com/5010web/airport.cfm?Site=UKI,6660.33069183526,1066996.64802801
20,VNY,VAN NUYS AIRPORT,VAN NUYS,Van Nuys,Los Angeles,Metropolitan,METROPOLITAN-Business/Corporate,Reliever,02396.*A,7,http://www.gcr1.com/5010web/airport.cfm?Site=VNY,10896.045111423,4373702.3297445
21,0O9,WARD FIELD AIRPORT,WARD FIELD,Gasquet,Del Norte,Community,COMMUNITY,Not a NPIAS Facility,01606.*A,1,http://www.gcr1.com/5010web/airport.cfm?Site=0O9,3077.03529581386,152176.750495372
22,WVI,WATSONVILLE MUNICIPAL AIRPORT,WATSONVILLE MUNI,Watsonville,Santa Cruz,Regional,REGIONAL-Business/Corporate,General Aviation,02429.*A,5,http://www.gcr1.com/5010web/airport.cfm?Site=WVI,7481.00522655095,1969687.86368705
23,WHP,WHITEMAN AIRPORT,WHITEMAN,Los Angeles,Los Angeles,Metropolitan,METROPOLITAN-Business/Corporate,Reliever,01818.1*A,7,http://www.gcr1.com/5010web/airport.cfm?Site=WHP,5695.69249752478,1081812.52266564
24,WJF,GENERAL WILLIAM M FOX AIRPORT,GEN. WILLIAM M. FOX,Lancaster,Los Angeles,Regional,REGIONAL-Business/Corporate,General Aviation,01754.2*A,7,http://www.gcr1.com/5010web/airport.cfm?Site=WJF,12615.502964563,7311415.70135054
25,WLW,WILLOWS - GLENN COUNTY AIRPORT,WILLOWS,Willows,Glenn,Community,COMMUNITY,General Aviation,02461.*A,3,http://www.gcr1.com/5010web/airport.cfm?Site=WLW,6414.46062559773,2035962.0183834
26,TOA,ZAMPERINI FIELD AIRPORT,ZAMPERINI FIELD,Torrance,Los Angeles,Metropolitan,METROPOLITAN-Business/Corporate,General Aviation,02356.1*A,7,http://www.gcr1.com/5010web/airport.cfm?Site=TOA,7240.4402032649,2606251.16437999
27,A24,CALIFORNIA PINES AIRPORT,CALIFORNIA PINES,Alturas,Modoc,Limited Use,LIMITED USE,Not a NPIAS Facility,01234.12*A,2,http://www.gcr1.com/5010web/airport.cfm?Site=A24,5275.92475759867,428205.310362116
28,STS,"CHARLES M. SCHULZ, SONOMA COUNTY AIRPORT",CHARLES M. SCHULZ,Santa Rosa,Sonoma,Commercial/Primary,PRIMARY-NON-HUB-REGIONAL-Business/Corporate,Commercial Service Primar,02260.*A,4,http://www.gcr1.com/5010web/airport.cfm?Site=STS,10492.5438818369,6306998.56450917
29,49X,CHEMEHUEVI VALLEY AIRPORT,CHEMEHUEVI VALLEY,Chemehuevi,San Bernardino,Limited Use,LIMITED USE,General Aviation,01390.*A,8,http://www.gcr1.com/5010web/airport.cfm?Site=49X,6559.44876825123,1239864.20933105
30,2O6,CHOWCHILLA AIRPORT,CHOWCHILLA,Chowchilla,Madera,Community,COMMUNITY,General Aviation,01400.5*A,6,http://www.gcr1.com/5010web/airport.cfm?Site=2O6,4682.32748693767,573035.034865735
31,1Q1,ECKERT FIELD AIRPORT,ECKERT FIELD,Strathmore,Tulare,Community,COMMUNITY-Recreation,Not a NPIAS Facility,02321.*A,6,http://www.gcr1.com/5010web/airport.cfm?Site=1Q1,2372.11202042679,165663.763979749
32,2O1,GANSNER AIRPORT,GANSNER,Quincy,Plumas,Community,COMMUNITY,General Aviation,02074.*A,2,http://www.gcr1.com/5010web/airport.cfm?Site=2O1,4801.15379276833,604803.644938549
33,1Q5,GRAVELLY VALLEY AIRPORT,GRAVELLY VALLEY,Upper Lake,Lake,Limited Use,LIMITED USE-Recreation,Not a NPIAS Facility,02387.*A,1,http://www.gcr1.com/5010web/airport.cfm?Site=1Q5,4732.70092300536,341188.846206937
34,3O1,GUSTINE AIRPORT,GUSTINE,Gustine,Merced,Community,COMMUNITY-Agriculture,General Aviation,01636.*A,10,http://www.gcr1.com/5010web/airport.cfm?Site=3O1,4502.11677362279,574198.595313419
35,36S,HAPPY CAMP AIRPORT,HAPPY CAMP,Happy Camp,Siskiyou,Community,COMMUNITY,General Aviation,01645.*A,2,http://www.gcr1.com/5010web/airport.cfm?Site=36S,4309.91178966457,463624.060287175
36,3O8,HARRIS RANCH AIRPORT,HARRIS RANCH,Coalinga,Fresno,Limited Use,LIMITED USE,Not a NPIAS Facility,01419.12*A,6,http://www.gcr1.com/5010web/airport.cfm?Site=3O8,4418.66463343938,499039.365089225
37,CVH,HOLLISTER MUNICIPAL AIRPORT,HOLLISTER MUNI,Hollister,San Benito,Regional,REGIONAL,General Aviation,01668.*A,5,http://www.gcr1.com/5010web/airport.cfm?Site=CVH,10956.8472621034,2303209.10432092
38,2O7,INDEPENDENCE AIRPORT,INDEPENDENCE,Independence,Inyo,Community,COMMUNITY,General Aviation,01686.*A,9,http://www.gcr1.com/5010web/airport.cfm?Site=2O7,4754.16173695859,780475.983667835
39,TLR,MEFFORD FIELD AIRPORT,MEFFORD FIELD,Tulare,Tulare,Regional,REGIONAL,General Aviation,02371.*A,6,http://www.gcr1.com/5010web/airport.cfm?Site=TLR,5382.45579462817,1279005.41619123
40,1Q4,NEW JERUSALEM AIRPORT,NEW JERUSALEM,Tracy,San Joaquin,Limited Use,LIMITED USE,Not a NPIAS Facility,02358.*A,10,http://www.gcr1.com/5010web/airport.cfm?Site=1Q4,6589.10749164796,2546892.04387719
41,2O3,PARRETT FIELD AIRPORT,PARRETT FIELD,Angwin,Napa,Community,COMMUNITY,Not a NPIAS Facility,01244.8*A,4,http://www.gcr1.com/5010web/airport.cfm?Site=2O3,4875.75740584074,399053.025408472
42,T42,RUTH AIRPORT,RUTH,Ruth,Trinity,Community,COMMUNITY-Recreation,General Aviation,02119.8*A,2,http://www.gcr1.com/5010web/airport.cfm?Site=T42,5481.29972305167,419614.600350457
43,SNS,SALINAS MUNICIPAL AIRPORT,SALINAS MUNICIPAL,Salinas,Monterey,Regional,REGIONAL-Business/Corporate,General Aviation,02137.*A,5,http://www.gcr1.com/5010web/airport.cfm?Site=SNS,14202.7986852714,4467115.92955899
44,SQL,SAN CARLOS AIRPORT,SAN CARLOS,San Carlos,San Mateo,Metropolitan,METROPOLITAN-Business/Corporate,Reliever,02160.1*A,4,http://www.gcr1.com/5010web/airport.cfm?Site=SQL,4902.06118908607,709242.257901303
45,SZP,SANTA PAULA AIRPORT,SANTA PAULA,Santa Paula,Ventura,Community,COMMUNITY-Recreation,Not a NPIAS Facility,02256.*A,7,http://www.gcr1.com/5010web/airport.cfm?Site=SMO,3301.34335436723,261495.435282213
46,1Q2,SPAULDING AIRPORT,SPAULDING,Susanville,Lassen,Limited Use,LIMITED USE,Not a NPIAS Facility,02332.1*A,2,http://www.gcr1.com/5010web/airport.cfm?Site=VCV,5869.27674540941,545729.076043688
47,SVE,SUSANVILLE MUNICIPAL AIRPORT,SUSANVILLE MUNI,Susanville,Lassen,Regional,REGIONAL,General Aviation,02332.*A,2,http://www.gcr1.com/5010web/airport.cfm?Site=SVE,5507.08284494846,908123.209970358
48,TCY,TRACY MUNICIPAL AIRPORT,TRACY MUNI,Tracy,San Joaquin,Regional,REGIONAL-Business/Corporate,General Aviation,02359.*A,10,http://www.gcr1.com/5010web/airport.cfm?Site=TCY,7010.09735985256,1879000.35662012
49,A26,ADIN AIRPORT,ADIN,Adin,Modoc,Limited Use,LIMITED USE,Not a NPIAS Facility,01217.*A,2,http://www.gcr1.com/5010web/airport.cfm?Site=A26,4312.5174228375,833156.960052514
50,AAT,ALTURAS MUNICIPAL AIRPORT,ALTURAS MUNI,Alturas,Modoc,Community,COMMUNITY,General Aviation,01234.*A,2,http://www.gcr1.com/5010web/airport.cfm?Site=AAT,6754.45364237815,1196744.94927472
51,S51,ANDY MCBETH AIRPORT,ANDY MCBETH,Klamath Glen,Del Norte,Community,COMMUNITY,Not a NPIAS Facility,01722.5*A,1,http://www.gcr1.com/5010web/airport.cfm?Site=S51,2835.5304554389,192084.192495776
52,SDM,BROWN FIELD,BROWN FIELD,San Diego,San Diego,Regional,REGIONAL-Business/Corporate,Reliever,02180.*A,11,http://www.gcr1.com/5010web/airport.cfm?Site=SDM,9683.85780820533,3065098.2586811
53,A32,BUTTE VALLEY AIRPORT,BUTTE VALLEY,Dorris,Siskiyou,Limited Use,LIMITED USE-Agriculture,General Aviation,01512.*A,2,http://www.gcr1.com/5010web/airport.cfm?Site=A32,6063.29838125941,1707443.61569442
54,AJO,CORONA MUNICIPAL AIRPORT,CORONA MUNI,Corona,Riverside,Regional,REGIONAL-Recreation,General Aviation,01447.3*A,8,http://www.gcr1.com/5010web/airport.cfm?Site=AJO,4590.38195517238,727145.629383975
55,RIR,FLABOB AIRPORT,FLABOB,Riverside/rubidoux/,Riverside,Regional,REGIONAL,Not a NPIAS Facility,02113.*A,8,http://www.gcr1.com/5010web/airport.cfm?Site=RIR,3866.21140151023,470812.696183629
56,A28,FORT BIDWELL AIRPORT,FORT BIDWELL,Fort Bidwell,Modoc,Limited Use,LIMITED USE-Medical Emergency,Not a NPIAS Facility,01578.9*A,2,http://www.gcr1.com/5010web/airport.cfm?Site=A28,3512.81899765104,199117.543415255
57,SEE,GILLESPIE FIELD AIRPORT,GILLESPIE FIELD,San Diego/El Cajon,San Diego,Regional,REGIONAL-Business/Corporate,Reliever,02165.*A,11,http://www.gcr1.com/5010web/airport.cfm?Site=SEE,8400.58690856006,1893369.45663166
58,APC,NAPA COUNTY AIRPORT,NAPA COUNTY,Napa,Napa,Regional,REGIONAL-Business/Corporate,Reliever,01933.*A,4,http://www.gcr1.com/5010web/airport.cfm?Site=APC,9623.95305423809,4339655.38329637
59,RNM,RAMONA AIRPORT,RAMONA,Ramona,San Diego,Regional,REGIONAL,Reliever,02078.*A,11,http://www.gcr1.com/5010web/airport.cfm?Site=RNM,6278.68271368659,1338993.79712035
60,RIU,RANCHO MURIETA AIRPORT,RANCHO MURIETA,Rancho Murieta,Sacramento,Community,COMMUNITY,General Aviation,02078.751*A,3,http://www.gcr1.com/5010web/airport.cfm?Site=RIU,4554.38323129944,429517.713679702
61,RBL,RED BLUFF MUNICIPAL AIRPORT,RED BLUFF MUNI,Red Bluff,Tehama,Community,COMMUNITY,General Aviation,02085.*A,2,http://www.gcr1.com/5010web/airport.cfm?Site=RBL,11470.655940813,4429160.92514133
62,RAL,RIVERSIDE MUNICIPAL AIRPORT,RIVERSIDE MUNI,Riverside,Riverside,Regional,REGIONAL-Business/Corporate,Reliever,02112.*A,8,http://www.gcr1.com/5010web/airport.cfm?Site=RAL,8246.38273048746,2093115.45057255
63,SAS,SALTON SEA AIRPORT,SALTON SEA,Salton City,Imperial,Limited Use,LIMITED USE,Not a NPIAS Facility,02139.*A,11,http://www.gcr1.com/5010web/airport.cfm?Site=SAS,4878.8896595955,492656.445480855
64,SBD,SAN BERNARDINO INTERNATIONAL AIRPORT,SAN BERNARDINO INT'L,San Bernardino,San Bernardino,Regional,REGIONAL-Business/Corporate,Reliever,02154.*A,8,http://www.gcr1.com/5010web/airport.cfm?Site=SBD,15092.6853617337,8436453.82957332
65,SMO,SANTA MONICA MUNICIPAL AIRPORT,SANTA MONICA MUNI,Santa Monica,Los Angeles,Metropolitan,METROPOLITAN-Business/Corporate,Reliever,02253.*A,7,http://www.gcr1.com/5010web/airport.cfm?Site=SMO,5770.03317434827,1136259.68754088
66,A30,SCOTT VALLEY AIRPORT - BUD DAVIS FIELD,SCOTT VALLEY,Fort Jones,Siskiyou,Community,COMMUNITY,General Aviation,01583.*A,2,http://www.gcr1.com/5010web/airport.cfm?Site=A30,3851.03275429467,406529.483284122
67,SIY,SISKIYOU COUNTY AIRPORT,SISKIYOU COUNTY,Montague,Siskiyou,Community,COMMUNITY,General Aviation,01906.*A,2,http://www.gcr1.com/5010web/airport.cfm?Site=SIY,14424.4604517978,7013590.69733334
68,APV,APPLE VALLEY AIRPORT,APPLE VALLEY,Apple Valley,San Bernardino,Regional,REGIONAL-Business/Corporate,General Aviation,01248.1*A,8,http://www.gcr1.com/5010web/airport.cfm?Site=APV,16670.1773404531,4762201.27339951
69,BNG,BANNING MUNICIPAL AIRPORT,BANNING MUNI,Banning,Riverside,Community,COMMUNITY,General Aviation,01297.*A,8,http://www.gcr1.com/5010web/airport.cfm?Site=BNG,6368.39240651652,819839.558075656
70,BIH,EASTERN SIERRA REGIONAL AIRPORT,EASTERN SIERRA REGIONAL,Bishop,Inyo,Regional,REGIONAL-Business/Corporate,General Aviation,01327.*A,9,http://www.gcr1.com/5010web/airport.cfm?Site=BIH,10445.5539415688,5294649.80320253
71,BLU,BLUE CANYON AIRPORT,BLUE CANYON,Emigrant Gap,Placer,Limited Use,LIMITED USE-Firefighting,Not a NPIAS Facility,01548.*A,3,http://www.gcr1.com/5010web/airport.cfm?Site=BLU,5134.34245120136,1173539.92876966
72,BLH,BLYTHE AIRPORT,BLYTHE,Blythe,Riverside,Community,COMMUNITY,General Aviation,01336.*A,8,http://www.gcr1.com/5010web/airport.cfm?Site=BLH,19674.7655137036,21534672.793569
73,CCR,BUCHANAN FIELD AIRPORT,BUCHANAN FIELD,Concord,Contra Costa,Metropolitan,METROPOLITAN-Business/Corporate,Reliever,01437.*A,4,http://www.gcr1.com/5010web/airport.cfm?Site=CCR,7833.37753755983,3219211.75471761
74,C83,BYRON AIRPORT,BYRON,Byron,Contra Costa,Community,COMMUNITY-Recreation,Reliever,01356.5*A,4,http://www.gcr1.com/5010web/airport.cfm?Site=C83,14730.6059424684,7899810.20308711
75,CCB,CABLE AIRPORT,CABLE,Upland,San Bernardino,Regional,REGIONAL,Reliever,02385.*A,8,http://www.gcr1.com/5010web/airport.cfm?Site=CCB,4995.32831045202,662033.714847824
76,CPU,CALAVERAS CO./MAURY RASMUSSEN AIRPORT,CALAVERAS CO.,San Andreas,Calaveras,Community,COMMUNITY,General Aviation,02141.11*A,10,http://www.gcr1.com/5010web/airport.cfm?Site=CPU,4653.25002868699,610512.780705057
77,CXL,CALEXICO INTERNATIONAL AIRPORT,CALEXICO INT'L,Calexico,Imperial,Community,COMMUNITY,General Aviation,01358.*A,11,http://www.gcr1.com/5010web/airport.cfm?Site=CXL,6639.70449001267,1627676.67264094
78,CMA,CAMARILLO AIRPORT,CAMARILLO,Camarillo,Ventura,Metropolitan,METROPOLITAN-Business/Corporate,Reliever,01369.1*A,7,http://www.gcr1.com/5010web/airport.cfm?Site=CMA,12024.6965666927,3893953.94702857
79,AVX,CATALINA AIRPORT,CATALINA,Avalon,Los Angeles,Community,COMMUNITY-Recreation,General Aviation,01276.*A,7,http://www.gcr1.com/5010web/airport.cfm?Site=AVX,3607.58917414747,288283.121070976
80,CNO,CHINO AIRPORT,CHINO,Chino,San Bernardino,Regional,REGIONAL-Business/Corporate,Reliever,01398.*A,8,http://www.gcr1.com/5010web/airport.cfm?Site=CNO,10853.4706278068,6318101.16127714
81,CLR,CLIFF HATFIELD MEMORIAL AIRPORT,CLIFF HATFIELD MEMORIAL,Calipatria,Imperial,Community,COMMUNITY-Agriculture,Not a NPIAS Facility,01363.*A,11,http://www.gcr1.com/5010web/airport.cfm?Site=CLR,4824.9958596178,1070854.06355077
82,CPM,COMPTON/WOODLEY AIRPORT,COMPTON WOODLEY,Compton,Los Angeles,Metropolitan,METROPOLITAN-Business/Corporate,Reliever,01434.*A,7,http://www.gcr1.com/5010web/airport.cfm?Site=CPM,3538.69709279382,432317.797670485
83,CRO,CORCORAN AIRPORT,CORCORAN,Corcoran,Kings,Community,COMMUNITY-Agriculture,Not a NPIAS Facility,01439.*A,6,http://www.gcr1.com/5010web/airport.cfm?Site=CRO,4856.82353761388,1409030.29095587
84,F62,HAYFORK AIRPORT,HAYFORK,Hayfork,Trinity,Community,COMMUNITY,General Aviation,01650.01*A,2,http://www.gcr1.com/5010web/airport.cfm?Site=F62,5824.11046395948,852241.326824178
85,H47,HYAMPOM AIRPORT,HYAMPOM,Hyampom,Trinity,Community,COMMUNITY,Not a NPIAS Facility,01678.*A,2,http://www.gcr1.com/5010web/airport.cfm?Site=H47,3254.91687949276,262084.829437083
86,O54,LONNIE POOL FIELD-WEAVERVILLE,LONNIE POOL FIELD,Weaverville,Trinity,Community,COMMUNITY-Recreation,General Aviation,02431.1*A,2,http://www.gcr1.com/5010web/airport.cfm?Site=O54,4859.36722464477,456904.671633614
87,C80,NEW COALINGA MUNICIPAL AIRPORT,NEW COALINGA MUNI,Coalinga,Fresno,Community,COMMUNITY,General Aviation,01419.13*A,6,http://www.gcr1.com/5010web/airport.cfm?Site=C80,12420.1913934857,6156283.07111498
88,REI,REDLANDS MUNICIPAL AIRPORT,REDLANDS MUNI,Redlands,San Bernardino,Regional,REGIONAL-Business/Corporate,General Aviation,02092.*A,8,http://www.gcr1.com/5010web/airport.cfm?Site=REI,5449.42843517575,1055238.43473584
89,RHV,REID HILLVIEW AIRPORT,REID HILLVIEW,San Jose,Santa Clara,Metropolitan,METROPOLITAN-Business/Corporate,Reliever,02203.*A,4,http://www.gcr1.com/5010web/airport.cfm?Site=RHV,5138.56164918003,1013776.42940586
90,E16,SOUTH COUNTY AIRPORT,SOUTH COUNTY,San Martin,Santa Clara,Regional,REGIONAL,Reliever,02213.4*A,4,http://www.gcr1.com/5010web/airport.cfm?Site=E16,6622.17256328932,1142215.0776922
91,O86,TRINITY CENTER/JAMES E. SWETT AIRPORT,TRINITY CENTER,Trinity Center,Trinity,Community,COMMUNITY-Recreation,General Aviation,02362.1*A,2,http://www.gcr1.com/5010web/airport.cfm?Site=O86,4124.34571549506,394017.393852621
92,D83,BOONVILLE AIRPORT,BOONVILLE,Boonville,Mendocino,Community,COMMUNITY,General Aviation,01340.25*A,1,http://www.gcr1.com/5010web/airport.cfm?Site=D83,2888.79300410404,152847.66093922
93,BWC,BRAWLEY MUNICIPAL AIRPORT,BRAWLEY MUNI,Brawley,Imperial,Community,COMMUNITY,General Aviation,01342.*A,11,http://www.gcr1.com/5010web/airport.cfm?Site=BWC,4720.64044466983,744630.836868871
94,DLO,DELANO MUNICIPAL AIRPORT,DELANO MUNI,Delano,Kern,Regional,REGIONAL,General Aviation,01497.*A,6,http://www.gcr1.com/5010web/airport.cfm?Site=DLO,8157.47789665864,2935149.16764483
95,D63,DINSMORE AIRPORT,DINSMORE,Dinsmore,Humboldt,Limited Use,LIMITED USE-Firefighting,General Aviation,01508.*A,1,http://www.gcr1.com/5010web/airport.cfm?Site=D63,3227.67638145558,159106.170460069
96,EMT,EL MONTE AIRPORT,EL MONTE,El Monte,Los Angeles,Metropolitan,METROPOLITAN-Business/Corporate,Reliever,01539.*A,7,http://www.gcr1.com/5010web/airport.cfm?Site=EMT,5041.52129687438,635773.942572998
97,F34,FIREBAUGH AIRPORT,FIREBAUGH,Firebaugh,Fresno,Community,COMMUNITY-Agriculture,General Aviation,01570.41*A,6,http://www.gcr1.com/5010web/airport.cfm?Site=F34,3467.68122160295,236096.154749497
98,F72,FRANKLIN FIELD AIRPORT,FRANKLIN FIELD,Franklin,Sacramento,Community,COMMUNITY-Agriculture,General Aviation,01588.*A,3,http://www.gcr1.com/5010web/airport.cfm?Site=F72,8378.9440031255,3263059.75681394
99,F70,FRENCH VALLEY AIRPORT,FRENCH VALLEY,Murrieta/Temecula,Riverside,Regional,REGIONAL-Business/Corporate,General Aviation,01931.6*A,8,http://www.gcr1.com/5010web/airport.cfm?Site=F70,10155.9455204621,1674955.11517906
100,FCH,FRESNO CHANDLER EXECUTIVE AIRPORT,FRESNO CHANDLER EXECUTIVE,Fresno,Fresno,Regional,REGIONAL-Business/Corporate,Reliever,01590.*A,6,http://www.gcr1.com/5010web/airport.cfm?Site=FCH,4833.08508275507,1060861.35151058
101,E36,GEORGETOWN AIRPORT,GEORGETOWN,Georgetown,El Dorado,Community,COMMUNITY,General Aviation,01608.7*A,3,http://www.gcr1.com/5010web/airport.cfm?Site=E36,5558.60313929488,992265.793638251
102,DVO,GNOSS FIELD AIRPORT,GNOSS FIELD,Novato,Marin,Regional,REGIONAL-Business/Corporate,Reliever,01967.*A,4,http://www.gcr1.com/5010web/airport.cfm?Site=DVO,6162.30404058391,806664.415053266
103,EKA,MURRAY FIELD AIRPORT,MURRAY FIELD,Eureka,Humboldt,Regional,REGIONAL,General Aviation,01560.*A,1,http://www.gcr1.com/5010web/airport.cfm?Site=EKA,4228.45078226318,868061.811772745
104,EED,NEEDLES AIRPORT,NEEDLES,Needles,San Bernardino,Regional,REGIONAL,General Aviation,01938.*A,8,http://www.gcr1.com/5010web/airport.cfm?Site=EED,13672.9529849388,4783355.85047346
105,E55,OCEAN RIDGE AIRPORT,OCEAN RIDGE,Gualala,Mendocino,Community,COMMUNITY,Not a NPIAS Facility,01635.85*A,1,http://www.gcr1.com/5010web/airport.cfm?Site=E55,4454.9119074064,805321.37981716
106,E45,PINE MOUNTAIN LAKE AIRPORT,PINE MOUNTAIN LAKE,Groveland,Tuolumne,Community,COMMUNITY-Recreation,General Aviation,01635.61*A,10,http://www.gcr1.com/5010web/airport.cfm?Site=E45,4429.15388160728,334928.215391942
107,D86,SEQUOIA FIELD,SEQUOIA FIELD,Visalia,Tulare,Community,COMMUNITY-Agriculture,General Aviation,01509.1*A,6,http://www.gcr1.com/5010web/airport.cfm?Site=D86,4353.44921651075,863179.857580961
108,E79,SIERRA SKY PARK AIRPORT,SIERRA SKY PARK,Fresno,Fresno,Community,COMMUNITY,Not a NPIAS Facility,01591.5*A,6,http://www.gcr1.com/5010web/airport.cfm?Site=E79,2711.78564203678,201685.605250086
109,EDU,UNIVERSITY AIRPORT,UNIVERSITY,Davis,Yolo,Community,COMMUNITY,General Aviation,01488.1*A,3,http://www.gcr1.com/5010web/airport.cfm?Site=EDU,4192.45547310062,532210.295057983
110,DWA,YOLO COUNTY-DAVIS WOODLAND WINTERS AIRPORT,YOLO COUNTY,Davis/Woodland/Winters,Yolo,Community,COMMUNITY-Agriculture,General Aviation,01488.*A,3,http://www.gcr1.com/5010web/airport.cfm?Site=DWA,8449.85085668556,3272714.43204109
111,AUN,AUBURN MUNICIPAL AIRPORT,AUBURN MUNI,Auburn,Placer,Regional,REGIONAL-Business/Corporate,General Aviation,01273.*A,3,http://www.gcr1.com/5010web/airport.cfm?Site=AUN,7149.72731281305,1847052.47409874
112,L45,BAKERSFIELD MUNICIPAL AIRPORT,BAKERSFIELD MUNI,Bakersfield,Kern,Regional,REGIONAL,General Aviation,01289.1*A,6,http://www.gcr1.com/5010web/airport.cfm?Site=L45,5860.54258631455,1052638.50407083
113,DAG,BARSTOW-DAGGETT AIRPORT,BARSTOW-DAGGETT,Daggett,San Bernardino,Regional,REGIONAL,General Aviation,01479.*A,8,http://www.gcr1.com/5010web/airport.cfm?Site=DAG,10916.3163113431,6347469.03301828
114,L08,BORREGO VALLEY AIRPORT,BORREGO VALLEY,Borrego Springs,San Diego,Community,COMMUNITY,General Aviation,01340.3*A,11,http://www.gcr1.com/5010web/airport.cfm?Site=L08,6254.93913297544,1147423.04793082
115,POC,BRACKETT FIELD AIRPORT,BRACKETT FIELD,La Verne,Los Angeles,Metropolitan,METROPOLITAN-Business/Corporate,Reliever,01757.*A,7,http://www.gcr1.com/5010web/airport.cfm?Site=POC,6524.59455691148,1500490.13053167
116,L18,FALLBROOK COMMUNITY AIRPARK,FALLBROOK COMMUNITY AIRPARK,Fallbrook,San Diego,Community,COMMUNITY,General Aviation,01568.5*A,11,http://www.gcr1.com/5010web/airport.cfm?Site=L18,5538.07700185653,1686418.7805364
117,FUL,FULLERTON MUNICIPAL AIRPORT,FULLERTON MUNI,Fullerton,Orange,Regional,REGIONAL-Business/Corporate,Reliever,01593.*A,12,http://www.gcr1.com/5010web/airport.cfm?Site=FUL,3992.83946244728,508989.376471958
118,L06,FURNACE CREEK AIRPORT,FURNACE CREEK,Death Valley National Park,Inyo,Community,COMMUNITY-Recreation,Not a NPIAS Facility,01494.61*A,9,http://www.gcr1.com/5010web/airport.cfm?Site=L06,9678.10978128302,2100752.16268206
119,HAF,HALF MOON BAY AIRPORT,HALF MOON BAY,Half Moon Bay,San Mateo,Regional,REGIONAL,Reliever,01638.*A,4,http://www.gcr1.com/5010web/airport.cfm?Site=HAF,10043.8958520586,2228755.11153446
120,HJO,HANFORD MUNICIPAL AIRPORT,HANFORD MUNI,Hanford,Kings,Regional,REGIONAL,General Aviation,01641.*A,6,http://www.gcr1.com/5010web/airport.cfm?Site=HJO,7719.26666878187,1692143.91297906
121,HHR,JACK NORTHROP FIELD/HAWTHORNE MUNICIPAL AIRPORT,JACK NORTHROP FIELD,Hawthorne,Los Angeles,Metropolitan,METROPOLITAN-Business/Corporate,Reliever,01647.*A,7,http://www.gcr1.com/5010web/airport.cfm?Site=HHR,5665.05732992068,516365.247419892
122,HWD,HAYWARD EXECUTIVE AIRPORT,HAYWARD EXECUTIVE,Hayward,Alameda,Metropolitan,METROPOLITAN-Business/Corporate,Reliever,01651.*A,4,http://www.gcr1.com/5010web/airport.cfm?Site=HWD,10449.9249403035,3211740.13689335
123,HES,HEALDSBURG MUNICIPAL AIRPORT,HEALDSBURG MUNI,Healdsburg,Sonoma,Community,COMMUNITY,General Aviation,01651.7*A,4,http://www.gcr1.com/5010web/airport.cfm?Site=HES,3392.06681340542,312735.432805015
124,HMT,HEMET-RYAN AIRPORT,HEMET - RYAN,Hemet,Riverside,Regional,REGIONAL-Business/Corporate,General Aviation,01654.*A,8,http://www.gcr1.com/5010web/airport.cfm?Site=HMT,6635.43224387215,1992031.59354133
125,L26,HESPERIA AIRPORT,HESPERIA,Hesperia,San Bernardino,Community,COMMUNITY,Not a NPIAS Facility,01662.*A,8,http://www.gcr1.com/5010web/airport.cfm?Site=L26,3407.672491401,151951.157999874
126,PTV,PORTERVILLE MUNICIPAL AIRPORT,PORTERVILLE MUNI,Porterville,Tulare,Regional,REGIONAL,General Aviation,02062.*A,6,http://www.gcr1.com/5010web/airport.cfm?Site=PTV,9780.79108592526,3420582.4509756
127,L36,RIO LINDA AIRPORT,RIO LINDA,Rio Linda,Sacramento,Community,COMMUNITY,Not a NPIAS Facility,02110.4*A,3,http://www.gcr1.com/5010web/airport.cfm?Site=L36,3538.66341614877,306023.267074434
128,FOT,ROHNERVILLE AIRPORT,ROHNERVILLE,Fortuna,Humboldt,Regional,REGIONAL,General Aviation,01586.*A,1,http://www.gcr1.com/5010web/airport.cfm?Site=FOT,6007.08010139892,1225386.09145972
129,L00,ROSAMOND SKYPARK AIRPORT,ROSAMOND SKYPARK,Rosamond,Kern,Community,COMMUNITY,Not a NPIAS Facility,02116.2*A,6,http://www.gcr1.com/5010web/airport.cfm?Site=L00,3508.56397520419,283506.354495018
130,SAC,SACRAMENTO EXECUTIVE AIRPORT,SACRAMENTO EXECUTIVE,Sacramento,Sacramento,Metropolitan,METROPOLITAN-Business/Corporate,Reliever,02127.*A,3,http://www.gcr1.com/5010web/airport.cfm?Site=SAC,10300.1311822335,3476349.89725909
131,IZA,SANTA YNEZ AIRPORT,SANTA YNEZ,Santa Ynez,Santa Barbara,Community,COMMUNITY,General Aviation,02264.*A,5,http://www.gcr1.com/5010web/airport.cfm?Site=IZA,4679.03411079557,750712.723837554
132,L09,STOVEPIPE WELLS AIRPORT,STOVEPIPE WELLS,Death Valley National Park,Inyo,Limited Use,LIMITED USE-Recreation,Not a NPIAS Facility,01494.62*A,9,http://www.gcr1.com/5010web/airport.cfm?Site=L09,3026.82839586912,122495.92084404
133,L17,TAFT AIRPORT,TAFT,Taft,Kern,Community,COMMUNITY,General Aviation,02338.*A,6,http://www.gcr1.com/5010web/airport.cfm?Site=L17,3793.31775803735,500625.484632061
134,L19,WASCO-KERN AIRPORT,WASCO - KERN,Wasco,Kern,Community,COMMUNITY,General Aviation,02422.*A,6,http://www.gcr1.com/5010web/airport.cfm?Site=L19,4054.53659774622,972298.212211456
135,JAQ,WESTOVER FIELD AMADOR COUNTY AIRPORT,WESTOVER FIELD,Jackson,Amador,Regional,REGIONAL-Business/Corporate,General Aviation,01701.*A,10,http://www.gcr1.com/5010web/airport.cfm?Site=JAQ,4731.10785117518,678235.005713535
136,L54,AGUA CALIENTE SPRINGS AIRPORT,AGUA CALIENTE SPRINGS,Agua Caliente Springs,San Diego,Limited Use,LIMITED USE,Not a NPIAS Facility,01218.*A,11,http://www.gcr1.com/5010web/airport.cfm?Site=L54,4137.14456935267,355466.09721105
137,M45,ALPINE COUNTY AIRPORT,ALPINE COUNTY,Markleeville,Alpine,Limited Use,LIMITED USE,Not a NPIAS Facility,01866.4*A,10,http://www.gcr1.com/5010web/airport.cfm?Site=M45,7872.34417571751,1994936.94787723
138,L35,BIG BEAR CITY AIRPORT,BIG BEAR CITY,Big Bear City,San Bernardino,Regional,REGIONAL,General Aviation,01323.*A,8,http://www.gcr1.com/5010web/airport.cfm?Site=L35,5553.72948098124,667015.293646786
139,L71,CALIFORNIA CITY MUNICIPAL AIRPORT,CALIFORNIA CITY MUNI,California City,Kern,Community,COMMUNITY-Recreation,General Aviation,01360.*A,6,http://www.gcr1.com/5010web/airport.cfm?Site=L71,7970.61911623458,1365144.83708012
140,MER,CASTLE AIRPORT,CASTLE,Atwater,Merced,Community,COMMUNITY,General Aviation,01270.6*A,10,http://www.gcr1.com/5010web/airport.cfm?Site=MER,18346.8002150221,8731944.88973478
141,L77,CHIRIACO SUMMIT AIRPORT,CHIRIACO SUMMIT,Chiriaco Summit,Riverside,Limited Use,LIMITED USE,Not a NPIAS Facility,01399.*A,8,http://www.gcr1.com/5010web/airport.cfm?Site=L77,8206.73381150814,3297676.15000441
142,O22,COLUMBIA AIRPORT,COLUMBIA,Columbia,Tuolumne,Regional,REGIONAL-Recreation,General Aviation,01429.*A,10,http://www.gcr1.com/5010web/airport.cfm?Site=O22,12169.5719991736,2412914.55585825
143,O08,COLUSA COUNTY AIRPORT,COLUSA COUNTY,Colusa,Colusa,Community,COMMUNITY,General Aviation,01431.1*A,3,http://www.gcr1.com/5010web/airport.cfm?Site=O08,4453.97376955519,584678.569488678
144,L62,ELK HILLS-BUTTONWILLOW AIRPORT,ELK HILLS-BUTTONWILLOW,Buttonwillow,Kern,Limited Use,LIMITED USE,Not a NPIAS Facility,01356.1*A,6,http://www.gcr1.com/5010web/airport.cfm?Site=L62,5656.84022535623,1072166.05247196
145,O33,EUREKA MUNICIPAL AIRPORT,EUREKA MUNI,Eureka,Humboldt,Community,COMMUNITY,Not a NPIAS Facility,01561.*A,1,http://www.gcr1.com/5010web/airport.cfm?Site=O33,10979.1037457422,4074287.84830998
146,O16,GARBERVILLE AIRPORT,GARBERVILLE,Garberville,Humboldt,Community,COMMUNITY,General Aviation,01599.1*A,1,http://www.gcr1.com/5010web/airport.cfm?Site=O16,3270.70716338917,359250.911425733
147,O37,HAIGH FIELD AIRPORT,HAIGH FIELD,Orland,Glenn,Community,COMMUNITY,General Aviation,01995.8*A,3,http://www.gcr1.com/5010web/airport.cfm?Site=O37,7811.75257974771,2756659.34584741
148,H37,HERLONG AIRPORT,HERLONG,Herlong,Lassen,Limited Use,LIMITED USE,Not a NPIAS Facility,01661.*A,2,http://www.gcr1.com/5010web/airport.cfm?Site=H37,3088.73680893529,156742.133612893
149,O21,HOOPA AIRPORT,HOOPA,Hoopa,Humboldt,Limited Use,LIMITED USE,General Aviation,01674.*A,1,http://www.gcr1.com/5010web/airport.cfm?Site=O21,2772.36597389277,282487.113635038
150,L78,JACUMBA AIRPORT,JACUMBA,Jacumba,San Diego,Limited Use,LIMITED USE,Not a NPIAS Facility,01704.*A,11,http://www.gcr1.com/5010web/airport.cfm?Site=L78,4510.53363828307,713474.580768826
151,O20,KINGDON AIRPARK AIRPORT,KINGDON AIRPARK,Lodi,San Joaquin,Limited Use,LIMITED USE-Agriculture,Not a NPIAS Facility,01783.*A,10,http://www.gcr1.com/5010web/airport.cfm?Site=O20,3735.93568379647,270545.050366801
152,O19,KNEELAND AIRPORT,KNEELAND,Eureka,Humboldt,Community,COMMUNITY-Firefighting,General Aviation,01559.1*A,1,http://www.gcr1.com/5010web/airport.cfm?Site=O19,2395.30724597739,99652.0289563877
153,O24,LEE VINING AIRPORT,LEE VINING,Lee Vining,Mono,Limited Use,LIMITED USE-Recreation,General Aviation,01764.1*A,9,http://www.gcr1.com/5010web/airport.cfm?Site=O24,5223.7523252151,419771.715681223
154,LHM,LINCOLN REGIONAL AIRPORT / KARL HARDER FIELD,LINCOLN REGIONAL,Lincoln,Placer,Regional,REGIONAL-Business/Corporate,Reliever,01772.*A,3,http://www.gcr1.com/5010web/airport.cfm?Site=LHM,12868.457415028,5303905.33290161
155,LVK,LIVERMORE MUNICIPAL AIRPORT,LIVERMORE MUNI,Livermore,Alameda,Metropolitan,METROPOLITAN-Business/Corporate,Reliever,01779.2*A,4,http://www.gcr1.com/5010web/airport.cfm?Site=LVK,15791.7714793385,4243076.31554556
156,O26,LONE PINE AIRPORT,LONE PINE,Lone Pine,Inyo,Community,COMMUNITY,General Aviation,01791.*A,9,http://www.gcr1.com/5010web/airport.cfm?Site=O26,8202.41322042461,715047.467483044
157,LSN,LOS BANOS MUNICIPAL AIRPORT,LOS BANOS MUNI,Los Banos,Merced,Community,COMMUNITY-Agriculture,General Aviation,01839.*A,10,http://www.gcr1.com/5010web/airport.cfm?Site=LSN,4697.75372569167,788371.117719323
158,L84,LOST HILLS-KERN COUNTY AIRPORT,LOST HILLS,Lost Hills,Kern,Community,COMMUNITY,General Aviation,01845.*A,6,http://www.gcr1.com/5010web/airport.cfm?Site=L84,7938.30201646397,2101023.38746708
159,MAE,MADERA MUNICIPAL AIRPORT,MADERA MUNI,Madera,Madera,Regional,REGIONAL-Business/Corporate,General Aviation,01853.*A,6,http://www.gcr1.com/5010web/airport.cfm?Site=MAE,11076.2379402869,3608011.89700868
160,MMH,MAMMOTH YOSEMITE AIRPORT,MAMMOTH YOSEMITE,Mammoth Lakes,Mono,Commercial/Primary,PRIMARY-SMALL HUB-METROPOLITAN-Business/Corporate,Commercial Service Primar,01857.*A,9,http://www.gcr1.com/5010web/airport.cfm?Site=MMH,8777.6323875474,1488429.86201811
161,MPI,MARIPOSA - YOSEMITE AIRPORT,MARIPOSA - YOSEMITE,Mariposa,Mariposa,Regional,REGIONAL,General Aviation,01866.*A,10,http://www.gcr1.com/5010web/airport.cfm?Site=MPI,4849.74105581166,642054.636562751
162,MHR,SACRAMENTO MATHER AIRPORT,SACRAMENTO MATHER,Sacramento,Sacramento,Metropolitan,METROPOLITAN-Cargo,Reliever,02126.*A,3,http://www.gcr1.com/5010web/airport.cfm?Site=MHR,23500.2624923706,15041037.9361924
163,O85,BENTON FIELD,BENTON FIELD,Redding,Shasta,Regional,REGIONAL,General Aviation,02088.*A,2,http://www.gcr1.com/5010web/airport.cfm?Site=O85,6559.18641244734,1106865.48424352
164,O57,BRYANT FIELD AIRPORT,BRYANT FIELD,Bridgeport,Mono,Community,COMMUNITY-Recreation,General Aviation,01346.*A,9,http://www.gcr1.com/5010web/airport.cfm?Site=O57,4194.52902455186,323525.905353115
165,O59,CEDARVILLE AIRPORT,CEDARVILLE,Cedarville,Modoc,Community,COMMUNITY,General Aviation,01384.*A,2,http://www.gcr1.com/5010web/airport.cfm?Site=O59,6104.75692621177,1462833.58234137
166,O60,CLOVERDALE MUNICIPAL AIRPORT,CLOVERDALE MUNI,Cloverdale,Sonoma,Community,COMMUNITY,General Aviation,01411.1*A,4,http://www.gcr1.com/5010web/airport.cfm?Site=O60,3735.05808510292,446275.721648099
167,O63,EXETER,EXETER,Exeter,Tulare,Community,COMMUNITY,Not a NPIAS Facility,01561.9*A,6,http://www.gcr1.com/5010web/airport.cfm?Site=O63,2742.91096741278,188409.844445314
168,O89,FALL RIVER MILLS AIRPORT,FALL RIVER MILLS,Fall River Mills,Shasta,Community,COMMUNITY,General Aviation,01569.*A,2,http://www.gcr1.com/5010web/airport.cfm?Site=O89,8950.57389851454,1350900.86824787
169,L05,KERN VALLEY AIRPORT,KERN VALLEY,Kernville,Kern,Community,COMMUNITY-Recreation,General Aviation,01710.1*A,6,http://www.gcr1.com/5010web/airport.cfm?Site=L05,6522.10037986356,384526.433541223
170,LLR,LITTLE RIVER AIRPORT,LITTLE RIVER,Little River,Mendocino,Community,COMMUNITY,General Aviation,01778.*A,1,http://www.gcr1.com/5010web/airport.cfm?Site=LLR,9927.00910303741,3849603.5617537
171,L53,LODI AIRPARK AIRPORT,LODI AIRPARK,Lodi,San Joaquin,Community,COMMUNITY-Recreation,Not a NPIAS Facility,01784.*A,10,http://www.gcr1.com/5010web/airport.cfm?Site=L53,3048.15536635644,334222.977839334
172,OAR,MARINA MUNICIPAL AIRPORT,MARINA MUNI,Marina,Monterey,Community,COMMUNITY,General Aviation,01860.*A,5,http://www.gcr1.com/5010web/airport.cfm?Site=OAR,8063.41332190024,2346166.50697027
173,KIC,MESA DEL REY AIRPORT,MESA DEL REY,King City,Monterey,Community,COMMUNITY,General Aviation,01713.*A,5,http://www.gcr1.com/5010web/airport.cfm?Site=KIC,4998.01093323373,744471.952452671
174,GOO,NEVADA COUNTY AIRPORT,NEVADA COUNTY,Grass Valley,Nevada,Regional,REGIONAL-Recreation,General Aviation,01626.*A,3,http://www.gcr1.com/5010web/airport.cfm?Site=GOO,7571.12452086316,791066.311002744
175,L52,OCEANO COUNTY AIRPORT,OCEANO,Oceano,San Luis Obispo,Limited Use,LIMITED USE-Recreation,General Aviation,01971.7*A,5,http://www.gcr1.com/5010web/airport.cfm?Site=L52,2985.80386897141,254443.689497218
176,OKB,OCEANSIDE MUNICIPAL AIRPORT,OCEANSIDE MUNI,Oceanside,San Diego,Regional,REGIONAL,General Aviation,01975.1*A,11,http://www.gcr1.com/5010web/airport.cfm?Site=OKB,3307.63929986715,259108.181987936
177,OVE,OROVILLE MUNICIPAL AIRPORT,OROVILLE MUNI,Oroville,Butte,Regional,REGIONAL,General Aviation,01998.*A,3,http://www.gcr1.com/5010web/airport.cfm?Site=OVE,13070.2629686084,6161455.50302125
178,PRB,PASO ROBLES MUNICIPAL AIRPORT,PASO ROBLES MUNI,Paso Robles,San Luis Obispo,Regional,REGIONAL,General Aviation,02032.*A,5,http://www.gcr1.com/5010web/airport.cfm?Site=PRB,14087.2085835447,7444167.766878
179,O69,PETALUMA MUNICIPAL AIRPORT,PETALUMA MUNI,Petaluma,Sonoma,Regional,REGIONAL-Business/Corporate,Reliever,02042.*A,4,http://www.gcr1.com/5010web/airport.cfm?Site=O69,6366.96755936986,1470562.43412282
180,PVF,PLACERVILLE AIRPORT,PLACERVILLE,Placerville,El Dorado,Regional,REGIONAL-Business/Corporate,General Aviation,02052.*A,3,http://www.gcr1.com/5010web/airport.cfm?Site=PVF,7387.32777466611,1618870.96334167
181,O88,RIO VISTA MUNICIPAL AIRPORT,RIO VISTA MUNI,Rio Vista,Solano,Regional,REGIONAL,General Aviation,02110.9*A,4,http://www.gcr1.com/5010web/airport.cfm?Site=O88,8545.86626076827,1841001.96312559
182,O79,SIERRAVILLE DEARWATER AIRPORT,SIERRAVILLE DEARWATER,Sierraville,Sierra,Limited Use,LIMITED USE,Not a NPIAS Facility,02295.4*A,3,http://www.gcr1.com/5010web/airport.cfm?Site=O79,3663.68770962781,189893.985590921
183,O55,SOUTHARD FIELD AIRPORT,SOUTHARD FIELD,Bieber,Lassen,Limited Use,LIMITED USE,Not a NPIAS Facility,01318.*A,2,http://www.gcr1.com/5010web/airport.cfm?Site=O55,4395.19566689955,711326.73108086
184,O52,SUTTER COUNTY AIRPORT,SUTTER COUNTY,Yuba City,Sutter,Community,COMMUNITY,General Aviation,02494.*A,3,http://www.gcr1.com/5010web/airport.cfm?Site=O52,5756.14562257342,1191553.41819082
185,L22,YUCCA VALLEY AIRPORT,YUCCA VALLEY,Yucca Valley,San Bernardino,Community,COMMUNITY,Not a NPIAS Facility,02496.1*A,8,http://www.gcr1.com/5010web/airport.cfm?Site=L22,3777.08641617088,378134.270180492
186,MCC,McCLELLAN AIRFIELD,McCLELLAN,Sacramento,Sacramento,Metropolitan,METROPOLITAN-Business/Corporate,General Aviation,02128.*A,3,http://www.gcr1.com/5010web/airport.cfm?Site=MCC,20453.2062592156,9999477.63375117
187,MHV,MOJAVE AIRPORT,MOJAVE,Mojave,Kern,Regional,REGIONAL-Business/Corporate,General Aviation,01899.*A,6,http://www.gcr1.com/5010web/airport.cfm?Site=MHV,19852.2682377657,17948214.4386544
188,MYF,MONTGOMERY FIELD,MONTGOMERY FIELD,San Diego,San Diego,Metropolitan,METROPOLITAN-Business/Corporate,Reliever,02166.*A,11,http://www.gcr1.com/5010web/airport.cfm?Site=MYF,9113.61443220625,3165504.29542802
189,O02,NERVINO AIRPORT,NERVINO,Beckwourth,Plumas,Community,COMMUNITY,General Aviation,01307.*A,2,http://www.gcr1.com/5010web/airport.cfm?Site=O02,9013.59964644039,1510923.4873284
190,O27,OAKDALE MUNICIPAL AIRPORT,OAKDALE MUNI,Oakdale,Stanislaus,Community,COMMUNITY,General Aviation,01970.*A,10,http://www.gcr1.com/5010web/airport.cfm?Site=O27,5490.95427992275,757194.032350081
191,L90,OCOTILLO AIRPORT,OCOTILLO,Ocotillo Wells,San Diego,Limited Use,LIMITED USE,Not a NPIAS Facility,01979.*A,11,http://www.gcr1.com/5010web/airport.cfm?Site=L90,7087.89322837757,2220489.03371004
192,L73,POSO-KERN COUNTY AIRPORT,POSO,Famoso,Kern,Limited Use,LIMITED USE,Not a NPIAS Facility,01569.3*A,6,http://www.gcr1.com/5010web/airport.cfm?Site=L73,6436.02795875137,2452939.05502975
193,O39,RAVENDALE AIRPORT,RAVENDALE,Ravendale,Lassen,Limited Use,LIMITED USE,Not a NPIAS Facility,02082.*A,2,http://www.gcr1.com/5010web/airport.cfm?Site=O39,2941.47258332892,156456.617466753
194,O32,REEDLEY MUNICIPAL AIRPORT,REEDLEY MUNI,Reedley,Fresno,Community,COMMUNITY,General Aviation,02099.*A,6,http://www.gcr1.com/5010web/airport.cfm?Site=O32,4869.24728266678,868978.817150197
195,L67,RIALTO MUNICIPAL/ART SCHOLL MEMORIAL FIELD AIRPORT,RIALTO MUNI,Rialto,San Bernardino,Community,COMMUNITY,Reliever,02103.*A,8,http://www.gcr1.com/5010web/airport.cfm?Site=L67,9818.83421401175,2744070.12563866
196,O05,ROGERS FIELD AIRPORT,ROGERS FIELD,Chester,Plumas,Regional,REGIONAL,General Aviation,01392.*A,2,http://www.gcr1.com/5010web/airport.cfm?Site=O05,10892.4308470603,1668100.53782083
197,O09,ROUND VALLEY AIRPORT,ROUND VALLEY,Covelo,Mendocino,Community,COMMUNITY,General Aviation,01458.*A,1,http://www.gcr1.com/5010web/airport.cfm?Site=O09,5240.04709594277,684535.553943574
198,MIT,SHAFTER AIRPORT - MINTER FIELD,SHAFTER MINTER FIELD,Shafter,Kern,Regional,REGIONAL-Business/Corporate,General Aviation,02292.*A,6,http://www.gcr1.com/5010web/airport.cfm?Site=MIT,13888.9488126117,7414918.71711369
199,L61,SHOSHONE AIRPORT,SHOSHONE,Shoshone,Inyo,Limited Use,LIMITED USE,Not a NPIAS Facility,02295.*A,9,http://www.gcr1.com/5010web/airport.cfm?Site=L61,3147.99636943919,219582.720476556
200,O15,TURLOCK MUNICIPAL AIRPORT,TURLOCK MUNI,Turlock,Merced,Community,COMMUNITY,General Aviation,02376.*A,10,http://www.gcr1.com/5010web/airport.cfm?Site=O15,6957.57857140432,2057955.05151519
201,O41,WATTS - WOODLAND AIRPORT,WATTS - WOODLAND,Woodland,Yolo,Community,COMMUNITY,Not a NPIAS Facility,02467.*A,3,http://www.gcr1.com/5010web/airport.cfm?Site=O41,4078.30176975894,508700.574151971
202,O46,WEED AIRPORT,WEED,Weed,Siskiyou,Community,COMMUNITY,General Aviation,02434.*A,2,http://www.gcr1.com/5010web/airport.cfm?Site=O46,9681.43575719652,2479472.19778448
203,M90,WILLIAM R. JOHNSTON (MENDOTA) AIRPORT,WILLIAM R. JOHNSTON,Mendota,Fresno,Community,COMMUNITY,General Aviation,01882.2*A,6,http://www.gcr1.com/5010web/airport.cfm?Site=M90,4809.35019445801,742564.708709236
204,O28,WILLITS MUNICIPAL AIRPORT,WILLITS MUNI,Willits,Mendocino,Community,COMMUNITY-Recreation,General Aviation,02455.1*A,1,http://www.gcr1.com/5010web/airport.cfm?Site=O28,4307.12115527661,510992.871486961
205,O42,WOODLAKE AIRPORT,WOODLAKE,Woodlake,Tulare,Community,COMMUNITY,General Aviation,02463.51*A,6,http://www.gcr1.com/5010web/airport.cfm?Site=O42,4141.77233219505,526973.384231852
206,MYV,YUBA COUNTY AIRPORT,YUBA COUNTY,Marysville,Yuba,Regional,REGIONAL-Business/Corporate,General Aviation,01873.*A,3,http://www.gcr1.com/5010web/airport.cfm?Site=MYV,12102.518707316,4077667.63314364
207,BUR,BOB HOPE AIRPORT,BOB HOPE,Burbank,Los Angeles,Commercial/Primary,PRIMARY-MEDIUM HUB-METROPOLITAN-Business/Corporate,Commercial Service Primar,01353.*A,7,http://www.gcr1.com/5010web/airport.cfm?Site=BUR,13525.3750015774,3315995.03800468
208,SFO,SAN FRANCISCO INTERNATIONAL AIRPORT,SAN FRANCISCO INT'L,San Francisco,San Mateo,Commercial/Primary,PRIMARY-LARGE HUB-METROPOLITAN-Business/Corporate,Commercial Service Primar,02187.*A,4,http://www.gcr1.com/5010web/airport.cfm?Site=SFO,32970.7974073155,17992433.8265195
209,SAN,SAN DIEGO INTERNATIONAL AIRPORT,SAN DIEGO INT'L,San Diego,San Diego,Commercial/Primary,PRIMARY-LARGE HUB-METROPOLITAN-Business/Corporate,Commercial Service Primar,02170.*A,11,http://www.gcr1.com/5010web/airport.cfm?Site=SAN,10008.0473061747,3028717.04852586
210,SNA,"JOHN WAYNE AIRPORT, ORANGE CO.",JOHN WAYNE,Santa Ana,Orange,Commercial/Primary,PRIMARY-MEDIUIM HUB-METROPOLITAN-Business/Corporat,Commercial Service Primar,02230.*A,12,http://www.gcr1.com/5010web/airport.cfm?Site=SNA,8666.68619834883,2590748.73720828
211,LGB,LONG BEACH AIRPORT DAUGHERTY FIELD,LONG BEACH,Long Beach,Los Angeles,Commercial/Primary,PRIMARY-SMALL HUB-METROPOLITAN-Business/Corporate,Commercial Service Primar,01794.*A,7,http://www.gcr1.com/5010web/airport.cfm?Site=LGB,16744.2272091313,6857604.52444551
212,PSP,PALM SPRINGS INTERNATIONAL AIRPORT,PALM SPRINGS INT'L,Palm Springs,Riverside,Commercial/Primary,PRIMARY-SMALL HUB-METROPOLITAN-Business/Corporate,Commercial Service Primar,02017.*A,8,http://www.gcr1.com/5010web/airport.cfm?Site=PSP,13353.2652259677,5199075.60871067
213,LAX,LOS ANGELES INTERNATIONAL AIRPORT,LOS ANGELES INT'L,Los Angeles,Los Angeles,Commercial/Primary,PRIMARY-LARGE HUB-METROPOLITAN-Business/Corporate,Commercial Service Primar,01818.*A,7,http://www.gcr1.com/5010web/airport.cfm?Site=LAX,25626.4160428134,20216286.3091985
214,ONT,ONTARIO INTERNATIONAL AIRPORT,ONTARIO INT'L,Ontario,San Bernardino,Commercial/Primary,PRIMARY-MEDIUM HUB-METROPOLITAN-Business/Corporate,Commercial Service Primar,01986.*A,8,http://www.gcr1.com/5010web/airport.cfm?Site=ONT,20431.5493442347,10368375.9382
215,SBA,SANTA BARBARA MUNICIPAL AIRPORT,SANTA BARBARA MUNI,Santa Barbara,Santa Barbara,Commercial/Primary,PRIMARY-SMALL HUB-METROPOLITAN-Business/Corporate,Commercial Service Primar,02235.*A,5,http://www.gcr1.com/5010web/airport.cfm?Site=SBA,12391.999789108,5732619.74132266
216,FAT,FRESNO YOSEMITE INTERNATIONAL AIRPORT,FRESNO YOSEMITE INT'L,Fresno,Fresno,Commercial/Primary,PRIMARY-SMALL HUB-METROPOLITAN-Business/Corporate,Commercial Service Primar,01591.*A,6,http://www.gcr1.com/5010web/airport.cfm?Site=FAT,12886.3473372578,7985007.17211059
217,SJC,"SAN JOSE INTERNATIONAL AIRPORT, NORMAN Y. MINETA",SAN JOSE INT'L,San Jose,Santa Clara,Commercial/Primary,PRIMARY-MEDUIM HUB-METROPOLITAN-Business/Corporate,Commercial Service Primar,02204.*A,4,http://www.gcr1.com/5010web/airport.cfm?Site=SJC,10865.5195676228,6173835.63667413
218,SFO,SAN FRANCISCO INTERNATIONAL AIRPORT,SAN FRANCISCO INT'L,San Francisco,San Mateo,Commercial/Primary,PRIMARY-LARGE HUB-METROPOLITAN-Business/Corporate,Commercial Service Primar,02187.*A,4,http://www.gcr1.com/5010web/airport.cfm?Site=SFO,37425.9425340279,14706997.7370256
219,OAK,METROPOLITAN OAKLAND INTERNATIONAL AIRPORT,METRO OAKLAND INT'L,Oakland,Alameda,Commercial/Primary,PRIMARY-MEDIUM HUB-METROPOLITAN-Business/Corporate,Commercial Service Primar,01971.*A,4,http://www.gcr1.com/5010web/airport.cfm?Site=OAK,21815.5187080925,15845660.9655901
220,SCK,STOCKTON METROPOLITAN AIRPORT,STOCKTON METROPOLITAN,Stockton,San Joaquin,Commercial/Primary,PRIMARY-NON HUB-METROPOLITAN-Business/Corporate,Commercial Service Primar,02314.*A,10,http://www.gcr1.com/5010web/airport.cfm?Site=SCK,12812.2462857313,6223456.02820686
221,SMF,SACRAMENTO INTERNATIONAL AIRPORT,SACRAMENTO INT'L,Sacramento,Sacramento,Commercial/Primary,PRIMARY-MEDIUM HUB-METROPOLITAN-Business/Corporate,Commercial Service Primar,02124.2*A,3,http://www.gcr1.com/5010web/airport.cfm?Site=SMF,33780.5748349369,26895050.6557812
